2369.426514,60387.195312,412446.375000,82431.171875,1
2152.688477,63618.652344,411892.281250,81534.710938,1
5927.994629,63293.738281,416440.156250,86007.085938,1
4666.705078,25900.265625,402802.375000,83913.453125,1
20308.781250,7225.587891,406704.843750,98442.648438,2
1383.400146,62048.109375,411642.718750,81130.867188,1
66043.359375,89285.171875,150741.031250,5738.197754,4
6146.278320,67352.054688,415804.625000,84747.562500,1
268624.000000,91795.000000,611603.312500,348222.218750,2
56346.914062,115667.070312,173089.468750,5969.360352,4
1915.262329,62662.125000,412297.437500,82026.875000,1
291105.031250,346970.062500,21907.871094,69862.570312,3
2038.749268,61476.601562,411158.000000,81479.250000,1
668336.562500,363080.562500,973858.000000,747220.500000,2
23061.664062,5868.896484,411737.531250,102951.273438,2
239350.484375,299475.062500,36279.429688,46024.839844,3
40587.796875,1287.256348,422031.562500,120408.289062,2
1438.691162,62531.281250,411654.562500,81152.265625,1
4889.230469,29861.443359,404068.875000,83850.609375,1
4295.934082,23091.853516,402342.437500,83926.593750,1
42358.199219,695.894836,423261.531250,122190.992188,2
1861.767456,63240.449219,412100.500000,81713.085938,1
8245.661133,64646.265625,419100.156250,89062.687500,1
69979.898438,128413.054688,147012.968750,2183.938232,4
14706.125000,10436.011719,406875.468750,94901.101562,2
7127.488281,17431.167969,402864.468750,86729.929688,1
2403.314941,61386.234375,412843.812500,82554.351562,1
12158.739258,13585.199219,404725.750000,91361.828125,1
7300.834473,18902.318359,403928.406250,87187.148438,1
1871.007935,62283.007812,412238.468750,81960.375000,1
297888.500000,355973.375000,16725.181641,71116.750000,3
47603.230469,337.481049,427417.281250,127434.859375,2
1498.820923,40313.730469,404703.375000,80691.421875,1
2586.742188,64373.218750,412879.468750,82402.304688,1
1372.170654,60816.460938,411388.843750,81259.054688,1
956813.687500,931501.750000,120037.226562,493555.062500,3
1916.218628,61397.429688,412281.812500,81913.960938,1
1684.614258,61952.031250,411552.843750,81456.929688,1
2353.340088,63098.343750,411981.250000,81891.046875,1
31639.890625,2667.127930,414456.125000,110530.812500,2
78399.078125,104158.078125,136948.781250,6293.420410,4
1929.381714,61551.792969,412338.312500,82087.335938,1
1738.362183,62287.144531,411911.125000,81681.523438,1
48301.355469,2499.743896,429189.468750,128915.890625,2
3226.012695,61777.441406,413622.843750,83159.757812,1
800819.875000,853628.687500,80649.054688,379739.687500,3
2409.718262,61663.898438,412704.375000,82157.984375,1
345007.000000,404923.718750,12949.521484,95309.468750,3
1492.221802,61871.753906,411267.093750,81099.851562,1
99429.789062,160205.390625,122914.398438,6340.783203,4
3003.397949,28956.158203,402948.625000,82547.320312,1
680.360657,46476.257812,406022.000000,79816.804688,1
936.695251,52659.609375,407903.343750,80267.406250,1
76256.328125,4507.982422,449500.625000,156410.453125,2
97997.210938,9558.239258,465633.718750,177499.125000,2
64223.820312,126012.875000,160000.109375,3922.755371,4
79637.046875,5619.250000,452228.093750,159557.015625,2
8781.375000,21284.349609,404888.468750,88708.664062,1
2480.708008,61455.234375,411706.718750,82181.351562,1
12950.870117,12273.323242,405089.281250,92397.500000,2
99718.007812,161557.375000,124353.773438,7020.799805,4
1652.071777,61425.554688,412026.312500,81603.460938,1
349619.906250,411743.312500,16354.767578,98974.742188,3
10316.312500,14158.837891,404376.968750,89807.554688,1
1351.622192,62130.554688,411566.062500,81041.093750,1
42119.609375,102065.812500,195020.343750,7747.482910,4
1596.164062,61610.292969,411625.125000,81582.265625,1
2018.101440,62779.890625,412410.406250,82181.500000,1
664.632385,45881.535156,405904.625000,79999.531250,1
5922.702637,21457.013672,403811.781250,86012.757812,1
3675.340820,26123.246094,402479.468750,83134.835938,1
12579.208008,11300.667969,405204.093750,92183.515625,2
2082.463867,61995.976562,412524.968750,82329.468750,1
57217.113281,1076.783447,433972.968750,136926.484375,2
158372.531250,218468.515625,66860.406250,15531.683594,4
14973.495117,81143.312500,424209.656250,93358.968750,1
4320.516602,67637.640625,414327.906250,83763.265625,1
1745.103149,62471.722656,411569.812500,81425.304688,1
6479.848633,66815.070312,416222.750000,85283.046875,1
94561.640625,153676.546875,115878.945312,1737.098999,4
1757.661499,62453.652344,411612.281250,80945.304688,1
18981.255859,82107.812500,299239.843750,39609.269531,1
2792.766113,33982.855469,403829.750000,82248.898438,1
1434.709595,62140.890625,411260.406250,80910.648438,1
3571.720703,62755.753906,414258.500000,84292.429688,1
8879.903320,15543.366211,403328.031250,88452.851562,1
2568.968994,62156.757812,412233.812500,82321.578125,1
1898.678589,32268.189453,402989.031250,81439.867188,1
6900.336426,18575.669922,403264.250000,86659.265625,1
1134.029053,61753.871094,411098.406250,80715.554688,1
2980.955322,65648.359375,412839.531250,82018.070312,1
216057.890625,198897.375000,43692.363281,47008.796875,3
2308.141846,42918.398438,406102.250000,81992.726562,1
1729.004028,61513.089844,412087.062500,81590.210938,1
1941.272827,33370.109375,404307.687500,81941.578125,1
39392.574219,374.960297,421326.937500,119116.718750,2
1755.451172,62891.078125,411517.906250,81178.367188,1
4550.295410,34724.046875,404746.093750,83332.414062,1
2103.208984,35887.511719,403839.781250,81224.710938,1
37339.757812,1925.149170,420045.562500,117335.750000,2
52321.519531,109662.578125,181795.125000,7874.364746,4
2680.425781,61669.679688,412970.812500,82445.820312,1
2225.019531,62286.425781,412690.781250,82365.914062,1
1334.598877,46168.753906,406256.750000,80721.187500,1
2359.185059,64559.882812,412396.843750,81847.546875,1
14868.876953,9346.688477,405944.031250,94228.937500,2
4611.695312,65942.960938,415114.437500,84930.765625,1
12726.788086,11430.342773,405392.937500,92272.718750,2
1598.553345,55418.242188,408996.656250,80857.523438,1
819.312195,46280.402344,406337.843750,80628.859375,1
13934.295898,13132.973633,407410.250000,93956.703125,2
509626.531250,353908.906250,171115.984375,283957.843750,3
1094.792358,46287.792969,406269.875000,80629.812500,1
154840.468750,216039.750000,69841.820312,14583.069336,4
22888.402344,5732.701660,411238.000000,102458.210938,2
2756.765137,61723.218750,413287.093750,83062.164062,1
1867.729858,61976.367188,384276.312500,69359.437500,1
3211.462891,65939.007812,413081.250000,82315.265625,1
1506.729980,62565.808594,411287.937500,80867.062500,1
785.551880,40081.992188,404462.000000,80297.242188,1
8806.098633,22599.556641,406382.406250,89066.039062,1
1552.850586,61380.660156,411288.937500,81154.804688,1
4918.424316,22386.257812,402456.656250,84533.281250,1
1733.006348,61536.980469,412146.718750,81737.984375,1
1397.901978,62139.128906,411635.937500,81204.664062,1
252724.750000,269498.312500,21986.527344,53167.820312,3
10954.134766,12771.489258,404238.437500,90676.992188,1
4353.413086,23779.681641,402479.187500,83777.570312,1
13226.533203,11007.459961,405407.812500,93084.343750,2
1710.124390,62840.605469,412019.156250,81581.687500,1
21818.017578,7390.665039,411427.656250,101771.179688,2
1558.147949,61995.722656,410424.343750,80548.515625,1
40652.804688,1370.678223,422898.031250,120435.679688,2
2312.644043,63629.250000,412075.968750,81905.554688,1
837.448547,41270.300781,404690.000000,80167.539062,1
11887.570312,11735.064453,404580.500000,91379.578125,2
685.939026,40046.074219,404401.437500,80241.101562,1
4316.589844,26194.244141,402713.343750,83560.546875,1
1632.622314,61547.949219,411976.281250,81605.007812,1
86249.015625,7660.542969,455945.562500,165544.921875,2
1663.690186,61716.078125,411964.812500,81485.531250,1
1502.687500,61666.847656,411477.937500,81434.953125,1
1405.166138,34925.082031,403386.781250,80702.789062,1
1430.599487,62512.394531,411573.843750,81031.312500,1
65279.519531,1785.893921,440204.500000,144821.671875,2
327952.468750,386627.000000,13827.471680,86169.914062,3
5029.357422,67541.968750,414675.625000,84491.226562,1
8035.904297,17383.642578,401808.718750,86851.851562,1
2371.567871,61382.203125,412849.500000,82525.562500,1
1714.520264,63227.890625,411604.343750,81180.070312,1
31172.753906,2122.194580,415776.000000,110896.132812,2
1458.549194,62321.746094,411661.000000,81032.976562,1
17210.025391,8644.658203,407024.656250,96755.695312,2
207589.140625,57702.585938,557657.562500,287218.718750,2
6874.194336,63714.792969,417611.250000,87519.539062,1
116444.062500,172458.453125,99989.750000,7712.799316,4
4506.046387,25596.640625,402710.625000,83613.265625,1
10931.069336,13780.286133,404046.281250,90097.093750,1
53123.523438,91093.601562,166572.875000,3986.661621,4
9797.484375,18111.835938,405820.562500,89912.601562,1
3114.601074,60787.507812,413323.250000,83465.468750,1
6135.985840,21409.210938,402894.656250,85704.343750,1
64679.683594,2471.452393,439330.250000,144250.437500,2
1338.868164,62210.421875,411217.593750,80848.335938,1
1919.896729,61675.445312,412376.281250,82078.312500,1
15610.654297,9661.531250,406344.187500,95105.671875,2
2111.132324,60461.742188,412229.437500,82053.796875,1
1342.103760,61821.285156,411580.781250,81064.187500,1
1379.811157,62367.253906,411580.656250,81037.328125,1
2636.376709,29727.953125,403199.812500,82503.398438,1
1695.593384,62973.980469,411967.718750,81528.789062,1
10015.621094,13508.079102,404007.593750,89738.781250,1
6684.584961,68706.164062,416010.468750,85054.398438,1
2463.078125,43271.828125,406061.000000,81790.179688,1
2296.226562,40892.710938,405219.750000,81522.359375,1
14247.707031,14936.393555,408335.125000,94372.656250,1
2369.823975,64528.339844,412460.937500,81950.539062,1
13615.629883,16179.416992,407672.187500,94244.992188,1
2658.621826,61710.078125,389011.906250,72163.515625,1
1762.120850,61557.078125,412127.718750,81843.757812,1
2356.310059,64454.925781,412464.125000,81906.460938,1
3695.767578,24384.351562,402361.437500,83294.070312,1
13584.456055,69704.312500,420180.000000,92390.140625,1
3282.585693,66222.007812,413220.531250,82481.742188,1
1989.110352,61374.851562,412385.906250,81959.914062,1
7261.329590,63168.183594,417657.906250,87679.445312,1
219132.968750,63901.957031,568005.062500,298596.000000,2
104438.226562,137068.328125,101019.273438,4404.717773,4
7364.891113,18524.185547,403129.531250,86978.687500,1
17389.552734,7419.187012,407667.000000,97255.375000,2
1478.961792,62507.656250,411613.250000,80960.742188,1
4668.544922,23527.917969,402817.218750,84309.328125,1
3193.785645,61708.929688,413609.937500,83189.937500,1
6941.189941,67016.031250,416728.656250,85873.671875,1
2247.021973,64066.476562,411969.718750,81406.664062,1
34354.515625,1792.351929,418505.343750,114428.117188,2
1624.628662,62970.625000,411667.718750,80983.218750,1
513.314880,40859.992188,404582.281250,79924.773438,1
5310.212891,22779.816406,402786.156250,84811.867188,1
83109.187500,5527.383301,453823.625000,162509.421875,2
762741.125000,819632.187500,66572.875000,351887.531250,3
2074.631592,61456.148438,412483.968750,82232.125000,1
1122.651855,61655.234375,411063.812500,80703.015625,1
568.794556,42896.011719,405070.625000,79983.382812,1
25448.486328,4578.410156,411801.343750,104915.914062,2
1244.484741,61402.628906,411208.312500,80934.320312,1
68227.664062,4235.251953,443982.125000,148364.281250,2
4699.328613,62726.285156,415466.781250,85438.992188,1
3580.538086,27319.906250,402581.093750,82922.140625,1
6136.789551,62285.246094,416515.218750,86696.289062,1
2364.909424,64270.019531,412117.093750,81634.601562,1
3713.374512,61081.996094,413726.250000,84093.429688,1
5874.657715,62254.757812,416301.437500,86533.046875,1
10439.753906,13530.902344,404422.125000,90221.296875,1
20935.734375,5966.985352,409220.593750,100581.710938,2
59111.527344,952.417297,435615.125000,138868.265625,2
10121.629883,14860.096680,403898.781250,89555.929688,1
222110.453125,228388.828125,29863.353516,41156.808594,3
51621.621094,112336.242188,177926.140625,5354.642090,4
1388.319824,62232.273438,411597.656250,81111.625000,1
203028.234375,55491.558594,552777.687500,281880.812500,2
3529.933105,61905.656250,414148.437500,83940.031250,1
6155.091797,67227.234375,415812.468750,84680.437500,1
26049.484375,3333.912842,412508.468750,105558.742188,2
931.027710,38115.812500,403954.250000,80320.453125,1
1028.744995,48623.472656,406940.687500,80655.015625,1
1624.168091,62960.156250,411839.031250,81392.539062,1
3894.905762,61239.878906,413826.062500,83746.039062,1
514238.375000,251607.531250,829886.250000,592497.812500,2
970.132996,37862.582031,404393.781250,80913.265625,1
416786.531250,473413.000000,10850.260742,134956.140625,3
115417.617188,15766.163086,479625.531250,195046.062500,2
1617.725342,47583.453125,406872.281250,81094.812500,1
155586.156250,214394.812500,67087.375000,14126.252930,4
2057.250488,44836.375000,406205.062500,81355.726562,1
4499.400391,62270.191406,415062.375000,84840.367188,1
30161.775391,4726.833496,416910.250000,110453.320312,2
5716.702148,62173.445312,416145.312500,86383.726562,1
3596.954834,61133.167969,414010.875000,83970.664062,1
1698.784424,63001.425781,411879.656250,81293.250000,1
1728.657593,63024.312500,411499.375000,81116.250000,1
4011.061279,27390.166016,402848.500000,83398.976562,1
2117.000244,61768.960938,412343.812500,81725.750000,1
21214.271484,6032.111816,407977.968750,99751.609375,2
27617.689453,2736.711182,413660.531250,107456.421875,2
50753.164062,106612.226562,191674.343750,11653.577148,4
1403.026855,61767.679688,411616.812500,81120.593750,1
423655.750000,189911.046875,749782.187500,503316.625000,2
137371.968750,24815.419922,497532.125000,216618.218750,2
1354.579834,61605.718750,411447.062500,81262.570312,1
1744.281860,63038.847656,411746.062500,81071.070312,1
81652.476562,140459.953125,132537.906250,2197.368652,4
1398.460327,39431.152344,404592.750000,80926.187500,1
2164.968994,63417.640625,411926.093750,81697.625000,1
51967.257812,3438.908447,429991.718750,130967.078125,2
1371.620483,61217.917969,411195.625000,81019.468750,1
1694.420166,61609.171875,411352.593750,81117.031250,1
1058.936035,61227.402344,411053.500000,80737.304688,1
124126.695312,20322.744141,488052.000000,203595.140625,2
15705.475586,9411.719727,406054.687500,95076.867188,2
15295.536133,16182.346680,409702.656250,95447.921875,1
583844.312500,640821.937500,30387.832031,235340.015625,3
1684.327271,62486.203125,411438.125000,81223.304688,1
1821.936768,60651.734375,412107.468750,81932.148438,1
51920.042969,111394.593750,176018.265625,4658.935059,4
1666.392822,34137.296875,403351.593750,81236.757812,1
6617.844727,66648.859375,416399.906250,85418.265625,1
11821.013672,70269.093750,293777.343750,34909.203125,1
1873.485474,63408.175781,411834.750000,81100.335938,1
7013.121094,66704.828125,416847.531250,85808.421875,1
2137.494873,62283.265625,410799.437500,81602.726562,1
961.646057,37276.781250,403790.281250,80334.859375,1
65369.050781,124727.742188,154135.562500,2551.869141,4
3357.219727,45560.035156,407302.562500,82790.132812,1
1518.888550,62657.820312,411666.000000,81168.117188,1
2167.660156,37730.695312,404739.718750,81787.562500,1
1276.331055,61868.882812,411123.875000,80719.007812,1
7325.984375,18421.521484,402870.531250,86689.031250,1
1415.623901,62189.988281,411692.375000,81166.382812,1
60810.902344,2847.312500,436381.750000,139865.125000,2
2288.096191,61380.417969,412721.562500,82363.984375,1
8529.708984,15512.553711,403532.093750,88371.062500,1
15837.062500,8804.237305,406945.562500,95777.398438,2
3647.282959,61909.867188,414230.812500,83985.843750,1
67940.523438,127944.164062,150323.000000,2274.989258,4
428096.656250,426794.718750,2505.945068,144528.031250,3
265843.468750,90151.906250,608497.500000,345423.875000,2
36369.261719,1503.008057,419132.750000,116223.500000,2
998.813232,41420.964844,404785.437500,80192.484375,1
2631.446289,30361.699219,403080.031250,82241.093750,1
2055.594727,46540.460938,407018.312500,81810.085938,1
2107.182129,30758.242188,402774.000000,81594.539062,1
23304.783203,4353.708496,409481.937500,102545.789062,2
27734.474609,3680.568359,413392.562500,107021.960938,2
3846.464600,62444.332031,414185.000000,83559.273438,1
9256.583008,15999.307617,404445.968750,89013.632812,1
221732.109375,124616.476562,160562.328125,111914.328125,4
34028.574219,1348.782715,417524.625000,113773.359375,2
23673.558594,5682.312988,410860.500000,103200.164062,2
1427.644531,62325.230469,411647.781250,81089.453125,1
8715.132812,67307.617188,418649.218750,87711.609375,1
11800.888672,12486.232422,405048.031250,91385.320312,1
2370.449219,45766.515625,406903.156250,81997.757812,1
2608.552246,62953.269531,413112.718750,83036.875000,1
44954.648438,103108.242188,193343.734375,8699.296875,4
5871.393066,20289.853516,402823.718750,85688.171875,1
12171.571289,13531.398438,406044.750000,91988.343750,1
14026.706055,10018.764648,405905.218750,93644.835938,2
22117.261719,4696.514160,408647.062500,101085.257812,2
30185.074219,2018.318359,414815.718750,109706.132812,2
2515.434326,64206.347656,412179.625000,81816.601562,1
14056.046875,10844.125977,405531.625000,93569.343750,2
5699.221191,22865.474609,404113.781250,85637.859375,1
3260.661865,27611.431641,402686.125000,82500.750000,1
1406.705566,61433.214844,410141.625000,80768.687500,1
3930.999268,23972.521484,402224.250000,83456.500000,1
1636.622437,35486.687500,403779.468750,81164.039062,1
5708.127930,62998.144531,416320.406250,86032.445312,1
12240.221680,11973.702148,404673.625000,91733.492188,2
7561.814941,64265.308594,418262.343750,87978.742188,1
39966.414062,978.624634,421457.125000,119266.867188,2
1215.481323,61192.730469,411160.250000,80996.898438,1
1121.081421,60829.781250,411174.312500,80873.968750,1
2109.517090,47501.718750,408790.750000,82403.148438,1
1301.185425,61186.273438,411248.312500,81149.109375,1
20295.714844,6491.295410,409749.218750,100104.031250,2
15731.705078,8504.440430,406272.156250,95195.054688,2
5363.367188,62801.328125,415896.218750,85606.851562,1
8795.867188,17621.798828,403869.468750,88647.195312,1
1657.767090,32903.773438,403112.812500,81227.257812,1
1128.534424,61180.207031,409876.406250,80232.648438,1
1379.050537,40901.074219,404775.593750,80637.351562,1
10344.228516,68202.117188,420362.250000,89555.406250,1
1670.938965,62813.203125,411922.031250,81413.539062,1
1298.572388,37843.503906,403999.656250,80576.703125,1
53193.601562,988.834229,431785.812500,133258.078125,2
6117.806641,67234.500000,415831.750000,84766.851562,1
1377.962280,62033.867188,411615.531250,81170.187500,1
21065.466797,5757.399414,410010.718750,100977.679688,2
5479.641113,62836.535156,416199.593750,86062.304688,1
5634.603516,20369.193359,402836.312500,85310.531250,1
2234.381348,32162.408203,403160.250000,81739.429688,1
165091.671875,229122.203125,81907.476562,25425.404297,4
1655.566772,61863.011719,412062.062500,81746.703125,1
1815.810181,63482.527344,411979.500000,81488.156250,1
6670.943359,19449.632812,403368.468750,86696.679688,1
3707.625000,27381.791016,403418.187500,83108.882812,1
6156.528320,67394.171875,415823.937500,84667.992188,1
2232.157715,31706.285156,402967.562500,81522.148438,1
133711.859375,197840.859375,105089.593750,18470.105469,4
2138.273926,63849.179688,412295.937500,81918.195312,1
1993.913940,61476.125000,412412.906250,82095.679688,1
4323.738281,66854.171875,414059.218750,83830.687500,1
913.408508,44245.972656,405456.406250,80175.046875,1
2194.275146,64023.453125,412374.406250,81974.679688,1
4111.929199,62157.953125,414733.125000,84515.179688,1
19241.496094,7055.545898,408263.875000,98486.382812,2
6275.346680,65902.507812,415774.031250,85094.914062,1
1892.959839,39692.425781,404898.937500,81410.812500,1
53994.343750,3060.143311,433514.593750,134169.343750,2
91560.820312,8703.432617,461534.312500,171291.593750,2
3103.108154,61646.640625,413582.875000,83186.179688,1
3153.884521,63073.957031,413216.968750,83457.781250,1
2348.544922,61373.093750,412807.312500,82524.632812,1
69277.492188,2355.465576,443216.437500,148973.687500,2
250955.890625,274364.343750,18764.017578,50006.460938,3
1415.115723,61676.695312,411704.687500,81214.648438,1
64242.746094,124310.304688,155144.593750,2133.817627,4
2696.929932,36360.476562,404521.187500,82273.101562,1
13206.086914,12111.862305,406189.687500,93440.062500,2
192035.500000,49523.914062,542075.312500,270695.343750,2
536752.312500,556040.812500,10367.199219,205534.843750,3
2275.017578,35727.792969,403922.000000,81627.687500,1
4645.874512,24613.066406,402721.718750,84033.875000,1
16936.748047,8628.841797,407036.937500,96223.390625,2
87482.132812,6631.262207,457242.593750,167188.109375,2
3279.670898,28458.630859,402913.343750,82853.648438,1
3219.624756,32263.806641,403530.906250,82482.210938,1
3245.728760,61715.761719,413727.656250,83533.835938,1
3718.441895,33336.703125,403487.812500,83204.960938,1
2783.652832,27982.896484,402550.750000,82382.257812,1
56391.234375,116154.054688,167546.484375,3353.894775,4
22816.679688,5911.983887,410293.375000,101996.179688,2
1523.511475,37856.867188,402747.468750,80171.968750,1
6300.594238,18844.414062,402686.031250,85862.039062,1
683.565979,39625.136719,404447.843750,80000.679688,1
1179.802612,60975.351562,411128.343750,80973.523438,1
2598.527832,62479.851562,412635.093750,82836.890625,1
268251.218750,203073.609375,71017.570312,94195.718750,3
2707.105469,28908.550781,402580.750000,82173.359375,1
223339.750000,198498.671875,46857.636719,53288.417969,3
4068.989746,62049.214844,414648.687500,84464.007812,1
147157.546875,29353.818359,505902.187500,226251.875000,2
3182.297119,26351.246094,402480.906250,82694.007812,1
3183.854736,61645.718750,413739.531250,83437.226562,1
59440.593750,1417.665405,434090.468750,138089.187500,2
7817.384277,19517.162109,403257.000000,86948.468750,1
1788.355957,60559.085938,411646.968750,81596.898438,1
2591.993896,65031.480469,412581.625000,81909.398438,1
7162.762695,63025.664062,417537.625000,87596.960938,1
27302.429688,88429.437500,233537.109375,16338.494141,4
1891.762939,61598.328125,412122.593750,81548.500000,1
85414.593750,105037.273438,122509.867188,4842.739258,4
3111.467041,65225.273438,412922.281250,82630.507812,1
4072.041992,62134.566406,414572.437500,84178.187500,1
18576.908203,7523.994629,407891.906250,97843.617188,2
1354.473755,62064.757812,411625.656250,81120.695312,1
1726.602417,63268.234375,411834.468750,81147.296875,1
7982.028809,64548.933594,417443.906250,87855.421875,1
303654.875000,112517.835938,641990.437500,383075.062500,2
2137.261475,62218.804688,412078.531250,82149.117188,1
20984.156250,5717.484863,409105.031250,100486.593750,2
78486.757812,4416.625977,449091.718750,157757.812500,2
1673.068848,34264.476562,404266.843750,81527.226562,1
19172.216797,6388.120117,408423.656250,98724.429688,2
199249.062500,53328.667969,550897.375000,279047.687500,2
1421.230347,62478.031250,410017.531250,80340.914062,1
2229.032227,60421.441406,412388.468750,82460.960938,1
2595.861572,65020.652344,412581.031250,81869.257812,1
7276.160645,17371.886719,402979.875000,86795.304688,1
20218.033203,6652.624023,409138.562500,100148.828125,2
315721.781250,342366.875000,6093.648438,80081.343750,3
3264.029541,29963.216797,403269.156250,82780.671875,1
1076.982544,61211.535156,411057.906250,80727.937500,1
33415.117188,1488.989258,417624.406250,113410.289062,2
134336.734375,70910.875000,176111.468750,66152.210938,4
72437.984375,133956.375000,157882.375000,6770.599609,4
26401.593750,5994.321777,414308.375000,106299.218750,2
14703.067383,10865.109375,406825.781250,94879.414062,2
76335.453125,59373.738281,169044.734375,25015.972656,4
6472.716309,68575.312500,416017.250000,84806.773438,1
3583.540527,28789.615234,402998.437500,83021.281250,1
278516.937500,312964.750000,13950.477539,62010.546875,3
1927.903198,61420.441406,412318.906250,81879.335938,1
1836.444336,63636.734375,410550.625000,80696.117188,1
6850.282227,66687.750000,416665.718750,85744.507812,1
2191.658936,60545.566406,412333.437500,82418.671875,1
2340.324951,61402.835938,412809.531250,82425.335938,1
1571.500366,62849.789062,411498.156250,80994.554688,1
1794.387817,62732.167969,412147.843750,81825.656250,1
7656.779297,63629.667969,418276.531250,88553.328125,1
1470.860962,41789.625000,405036.937500,80782.390625,1
7905.147949,16476.974609,402933.906250,87368.632812,1
1401.231445,62466.437500,411582.812500,81057.585938,1
1104.606689,61442.796875,411169.968750,80716.859375,1
7369.876465,56754.285156,413133.093750,86892.226562,1
1800.502075,33024.285156,403140.187500,81257.062500,1
4978.736328,25982.082031,403333.093750,84629.187500,1
1607.465942,34493.503906,403438.281250,81089.359375,1
1030.258667,34015.667969,403326.125000,80763.070312,1
5309.204102,26816.486328,403368.750000,84403.132812,1
1675.218262,61438.796875,412033.156250,81563.734375,1
32672.185547,3873.964355,416473.406250,111988.468750,2
6250.901855,67365.054688,415939.312500,84757.078125,1
5994.497559,21859.599609,402763.750000,85277.945312,1
4817.774414,61690.324219,415014.031250,84933.109375,1
1947.802002,61794.613281,412163.625000,81544.234375,1
2556.902588,33606.101562,403502.843750,81875.328125,1
44349.667969,567.262756,423785.812500,123741.328125,2
1468.197266,34645.863281,404096.312500,81310.093750,1
791.474670,36747.437500,403917.437500,80430.937500,1
3509.697754,66568.593750,413445.625000,82676.445312,1
2602.427490,43275.859375,406119.687500,81949.414062,1
2054.220947,63244.121094,411895.968750,81665.578125,1
2687.019043,63142.359375,385233.375000,70406.359375,1
5736.863770,20908.169922,402781.625000,85086.382812,1
2166.484863,49435.226562,407490.125000,81203.945312,1
5425.340332,23284.263672,402794.156250,84847.000000,1
39151.933594,99429.804688,217173.234375,14975.610352,4
14025.176758,11583.819336,406753.843750,94110.414062,2
2588.558594,60531.761719,412651.468750,82833.007812,1
1910.391235,60410.378906,411841.718750,81812.757812,1
1196.895020,60915.621094,411174.531250,80993.945312,1
2189.649902,61695.839844,412717.156250,82429.398438,1
1374.453979,62195.878906,411577.625000,81002.078125,1
1809.643066,60556.839844,411963.000000,81888.203125,1
26345.333984,4545.632324,412512.250000,105921.976562,2
6248.502441,19512.916016,402740.437500,85854.742188,1
2484.786377,29513.361328,403162.187500,82241.039062,1
176227.687500,233472.156250,55962.367188,21044.306641,4
89656.601562,7096.264648,459201.875000,169297.812500,2
1845.695557,60931.617188,411854.593750,81947.421875,1
1423.986328,42196.898438,405125.312500,80631.429688,1
10123.955078,17941.259766,404461.343750,89656.789062,1
7121.984863,66742.078125,416941.843750,86048.929688,1
48701.152344,272.200989,427632.468750,128289.734375,2
202078.671875,55217.675781,552553.687500,281285.156250,2
58147.109375,1559.465576,434363.781250,137681.625000,2
1350.436279,62409.917969,411332.031250,80930.953125,1
7589.937988,64256.093750,418270.875000,88029.523438,1
2418.942383,35739.246094,404009.968750,81790.562500,1
2344.996826,63349.359375,412283.000000,82210.601562,1
1737.259888,62186.042969,411505.875000,81346.218750,1
8238.542969,15794.119141,401996.843750,87317.789062,1
38191.976562,100736.992188,227350.859375,18446.421875,4
3880.528564,62009.789062,414411.750000,84044.203125,1
85896.820312,145770.875000,126426.539062,1514.448364,4
3208.541260,32707.990234,403659.187500,82532.296875,1
19363.773438,13146.176758,411687.093750,99434.101562,2
27672.884766,2980.275391,413896.781250,107464.421875,2
2027.511475,31630.169922,403396.656250,81905.812500,1
2301.106934,63608.976562,412026.781250,81842.968750,1
541706.312500,604212.875000,30655.792969,212350.328125,3
2807.956055,30127.886719,402819.187500,82153.039062,1
1997.724121,62456.203125,411775.156250,81746.320312,1
3207.645264,65829.820312,413289.000000,82801.093750,1
8037.458008,26057.191406,407367.468750,88540.875000,1
19420.550781,6140.010254,408370.062500,98840.968750,2
3373.257080,32663.224609,403617.468750,82393.835938,1
167689.953125,226538.312500,60261.292969,17855.406250,4
2303.936279,63702.847656,412080.718750,81813.281250,1
32439.648438,1798.413940,416504.125000,111797.671875,2
2028.785156,64010.222656,412066.125000,81425.031250,1
2015.926025,64019.011719,412018.437500,81355.500000,1
3491.773926,27867.566406,402664.000000,82653.851562,1
7571.327637,20452.927734,404879.812500,87546.273438,1
19242.755859,6806.569336,408976.250000,99240.000000,2
1732.385986,61767.355469,412149.343750,81867.437500,1
3089.989746,65838.937500,413053.031250,82371.343750,1
87403.359375,7776.939941,457416.656250,166983.218750,2
38220.101562,71498.601562,202946.062500,12379.074219,4
10077.672852,13729.800781,403971.218750,89845.906250,1
42312.441406,103081.148438,212669.937500,14421.362305,4
1560.380615,61483.691406,411836.562500,81405.617188,1
1525.090698,61812.546875,411714.781250,81144.835938,1
2049.078613,63806.828125,411876.406250,81316.710938,1
3095.495361,29253.167969,402782.187500,82301.851562,1
5415.889648,20762.769531,402495.812500,84994.179688,1
24608.708984,4006.317383,411248.093750,104036.460938,2
1427.166138,62417.718750,411586.781250,80978.390625,1
5638.207031,20256.306641,402539.812500,85115.304688,1
1657.454102,62617.546875,411877.656250,81534.601562,1
3312.690918,36185.796875,404768.500000,82732.359375,1
6729.882324,69192.437500,416299.437500,85126.492188,1
2445.492920,40370.144531,403833.093750,80996.468750,1
6363.723633,66731.078125,416168.187500,85133.726562,1
1897.560913,62967.066406,412226.500000,81857.351562,1
4998.226074,68779.406250,414832.718750,84008.929688,1
32410.849609,1578.163208,416388.156250,112127.820312,2
16889.392578,9039.163086,407671.906250,96910.343750,2
34418.050781,2757.207764,417568.281250,113848.859375,2
25230.667969,3326.166016,411752.562500,104821.367188,2
2216.942383,63150.589844,412143.312500,82057.031250,1
2137.036621,39611.667969,405191.875000,81937.867188,1
135236.796875,162514.703125,73634.250000,9810.833984,4
42992.871094,2763.344727,425549.125000,123328.281250,2
36012.500000,3690.574707,419527.750000,115690.742188,2
18260.921875,6599.252441,407751.281250,97825.187500,2
4386.858887,32658.738281,406270.375000,84656.500000,1
8221.936523,64025.128906,418841.812500,89176.812500,1
1154.809937,61042.816406,411085.000000,80844.156250,1
6698.788574,22826.443359,403349.968750,86029.453125,1
1711.983276,62359.171875,412092.343750,81710.789062,1
1053.114746,43710.019531,405412.781250,80388.257812,1
8043.001953,20515.037109,403624.156250,87343.890625,1
33906.191406,1358.050171,417217.468750,113336.414062,2
1956.180908,62387.519531,411647.562500,81573.382812,1
1445.695068,62386.921875,411710.875000,81215.851562,1
1974.069336,62065.621094,411703.781250,81694.484375,1
2368.899902,64566.488281,412418.593750,81863.523438,1
1465.840942,61605.234375,411819.093750,81417.968750,1
65714.414062,4144.046875,442098.031250,145735.468750,2
3198.847412,31414.105469,403394.437500,82627.640625,1
912.154480,38917.542969,404124.781250,80257.546875,1
2077.429932,63908.597656,412236.375000,81770.460938,1
3879.429199,27733.755859,402784.218750,82966.007812,1
703.492371,53608.554688,408341.718750,80390.281250,1
16733.660156,23557.238281,303211.312500,48203.003906,1
10462.851562,14496.053711,404998.906250,90339.250000,1
17954.058594,6978.942871,407428.625000,97438.273438,2
2761.223389,65327.410156,412781.968750,82194.648438,1
2330.078125,62139.972656,412833.093750,82521.007812,1
486.543213,41811.878906,404830.437500,79905.195312,1
8194.447266,18034.193359,403239.031250,87495.601562,1
90104.468750,7359.115723,459400.375000,169793.218750,2
2508.624268,34918.562500,404280.718750,81799.734375,1
669226.875000,671246.375000,33815.531250,291732.312500,3
1579.738647,61978.152344,411946.468750,81640.273438,1
61064.921875,119952.703125,161210.453125,3265.029785,4
14256.981445,67997.257812,423954.031250,94718.875000,1
3647.539307,60998.367188,413732.343750,84071.140625,1
43194.109375,102757.562500,192237.500000,6950.775879,4
1213.557495,61110.945312,411354.062500,81069.109375,1
1689.112671,63058.085938,411903.781250,81477.375000,1
322996.781250,126058.617188,658798.812500,402010.125000,2
1846.165894,63518.878906,411715.937500,81076.734375,1
2101.287109,61400.328125,412485.093750,82055.992188,1
1555.589355,62944.398438,411651.437500,81027.273438,1
19409.078125,9437.300781,409215.718750,99107.070312,2
8067.794434,71491.062500,417460.250000,86171.164062,1
2052.958496,61621.675781,412010.156250,82158.304688,1
12923.626953,12401.541992,405355.312500,92630.195312,2
1705.805054,61450.562500,412089.562500,81751.359375,1
8394.250977,21137.537109,402566.062500,86802.578125,1
40097.871094,778.016052,421461.593750,119622.742188,2
492184.593750,466976.031250,16572.398438,189505.109375,3
3973.297607,66956.468750,413977.093750,83525.242188,1
2843.003662,54013.789062,409300.875000,81563.570312,1
4638.892090,62342.367188,415238.875000,84979.546875,1
8878.764648,18374.685547,403728.062500,87742.820312,1
1480.952881,61889.824219,411569.218750,81367.375000,1
6562.276367,68813.757812,416141.718750,84930.125000,1
1484.559326,60713.851562,411448.687500,81345.203125,1
10275.063477,14437.800781,404832.062500,90246.015625,1
10596.110352,68409.828125,420622.468750,89691.882812,1
1407.252563,60799.015625,411311.531250,81118.171875,1
139104.343750,68907.132812,186459.062500,74281.507812,2
922.759644,44700.125000,405614.000000,80156.406250,1
59724.042969,1017.467773,436181.343750,139656.109375,2
41406.226562,23715.412109,254148.500000,43110.695312,2
16275.639648,9428.775391,406586.468750,95469.078125,2
29829.335938,4081.457520,416074.375000,109608.367188,2
87353.843750,6784.351074,457815.843750,167382.109375,2
1372.008545,61708.113281,411337.843750,81193.367188,1
13256.334961,10440.581055,405510.531250,93036.789062,2
1474.206177,62659.902344,411683.031250,81127.859375,1
2063.854736,62491.218750,412514.468750,82217.617188,1
2797.671631,59233.386719,410660.343750,81841.976562,1
1285.068848,61389.082031,410044.875000,80563.804688,1
6115.182617,67135.835938,415799.406250,84731.242188,1
17385.023438,8485.625000,407481.687500,97181.203125,2
1705.669556,63004.601562,410344.062500,80684.937500,1
6526.543457,63543.003906,416077.312500,86751.843750,1
7647.250977,19403.492188,403258.531250,87158.562500,1
1421.654297,62531.070312,411584.593750,81010.976562,1
2437.925293,39816.996094,405534.562500,82262.789062,1
1472.252075,61732.503906,411740.937500,81196.054688,1
1672.961792,61445.621094,412038.062500,81666.703125,1
1593.965942,61542.886719,411976.125000,81626.210938,1
1590.039917,62821.839844,411448.437500,81016.726562,1
1376.335815,62203.722656,411529.718750,80944.234375,1
4191.906738,25866.505859,402863.625000,83848.640625,1
1464.556763,62477.808594,411548.562500,80914.351562,1
23189.869141,4462.602051,410740.062500,102912.765625,2
2033.898071,64006.968750,412099.875000,81418.929688,1
1562.365723,62808.453125,411710.656250,81198.156250,1
1506.272339,62757.718750,411723.968750,81205.625000,1
1703.476074,34700.632812,403514.312500,81272.460938,1
4225.664062,25929.316406,402858.812500,83903.289062,1
666.454529,42177.820312,405005.750000,80150.742188,1
5859.428223,21744.619141,402940.625000,85550.476562,1
1476.957520,61499.683594,411751.187500,81316.867188,1
2411.746826,61434.914062,412880.968750,82538.765625,1
10356.346680,72635.796875,342630.875000,54410.195312,1
14794.263672,10293.450195,405849.562500,94208.273438,2
168682.437500,38094.687500,524330.937500,248248.437500,2
15288.626953,11348.767578,407801.375000,95205.523438,2
20914.527344,9503.910156,411313.375000,100698.335938,2
10636.340820,13634.113281,404611.406250,90526.195312,1
1277.807007,61787.968750,411109.593750,80720.554688,1
5609.801270,24233.380859,402905.625000,84648.828125,1
5636.980957,20338.226562,402466.250000,85114.445312,1
2650.527588,28850.789062,402975.843750,82391.320312,1
1601.531372,62207.921875,411746.218750,81085.617188,1
10881.137695,13515.120117,404030.750000,90341.953125,1
260192.703125,87359.125000,603384.625000,339255.500000,2
4155.451660,26267.113281,402729.218750,83376.773438,1
29420.871094,2891.971924,413284.437500,108615.078125,2
3252.579346,62946.261719,389732.312500,73023.101562,1
3118.118408,34674.660156,402973.781250,82096.921875,1
3721.478760,61972.558594,414321.156250,84034.585938,1
8755.831055,63870.066406,417833.812500,88857.703125,1
44506.550781,2220.916992,426245.906250,124981.632812,2
11494.475586,13695.500977,405446.562500,91543.414062,1
1576.315430,61241.570312,411350.656250,81184.773438,1
10955.443359,14015.875000,404476.312500,90695.109375,1
2027.756836,60606.953125,412325.218750,82205.226562,1
1187.419312,61361.011719,411112.093750,80843.726562,1
27476.562500,6788.548828,359184.062500,82435.664062,2
6377.589355,21463.744141,404228.593750,86437.929688,1
21031.609375,6657.589355,410457.812500,100919.148438,2
1527.360840,62888.062500,411449.093750,80859.078125,1
4042.718994,45228.660156,407999.250000,83943.562500,1
45321.160156,1624.781250,425765.031250,125495.414062,2
2141.282715,63940.687500,412340.718750,81914.601562,1
7590.923340,64256.996094,418282.093750,87994.343750,1
3296.327393,61856.914062,413885.187500,83573.523438,1
1961.354370,63821.144531,411968.375000,81364.453125,1
17476.498047,77482.242188,266797.343750,25656.421875,1
54775.937500,2562.906494,431806.218750,133708.734375,2
4115.160645,47927.886719,408016.218750,82973.039062,1
3863.900879,60999.636719,414056.250000,84265.125000,1
6465.615723,22146.281250,403164.656250,85924.148438,1
1524.927734,61637.777344,411858.750000,81483.664062,1
6811.223145,66329.578125,336145.343750,50613.753906,1
30270.873047,1851.806519,414927.968750,109871.132812,2
1625.158203,61668.281250,411829.968750,81254.812500,1
1483.755737,62224.796875,411290.031250,80771.945312,1
22705.507812,4479.552246,410496.531250,102332.718750,2
23969.101562,4760.806152,411671.343750,103982.054688,2
1587.721924,62670.582031,411844.656250,81349.273438,1
5310.817871,63430.746094,416103.250000,86189.609375,1
4311.030762,23137.302734,402450.968750,83992.648438,1
9906.341797,15050.295898,404228.562500,89608.515625,1
2144.443359,64242.410156,412140.656250,81423.203125,1
202022.984375,55349.718750,552862.750000,281576.718750,2
11543.792969,15529.431641,406456.750000,91613.390625,1
69791.500000,130892.382812,159090.625000,6097.277344,4
15700.431641,9068.997070,406828.156250,95621.484375,2
1488.806885,61947.777344,411740.781250,81366.375000,1
28491.044922,2509.338867,413806.250000,108163.179688,2
1384.480225,60675.261719,411416.625000,81296.640625,1
820887.562500,874421.812500,85717.085938,393249.875000,3
6309.848633,66783.812500,416065.718750,85076.171875,1
4748.847168,22367.169922,402393.531250,84348.812500,1
2847.602051,64174.480469,412636.250000,82566.421875,1
74551.398438,134992.781250,153782.703125,6245.434082,4
92588.453125,9045.437500,460990.125000,171554.578125,2
3743.693848,61903.832031,414322.968750,84034.914062,1
469753.843750,459654.906250,6535.861816,170599.328125,3
127964.882812,20735.257812,490293.468750,207349.265625,2
378.158661,50312.191406,407733.937500,80285.554688,1
1724.272827,60693.925781,411581.375000,81507.937500,1
67664.203125,2569.046631,441645.500000,146867.953125,2
1543.131592,62886.343750,411721.375000,81207.117188,1
135402.328125,24101.244141,497031.281250,214878.921875,2
27274.037109,4785.364746,414606.062500,107387.984375,2
1626.032593,62924.523438,411520.156250,81095.781250,1
22350.349609,6063.805176,409959.156250,101644.851562,2
1531.386719,62309.500000,411445.906250,81262.101562,1
2398.815674,64075.453125,412358.843750,82088.226562,1
28709.535156,2928.704834,413738.062500,108106.875000,2
10302.083984,14203.737305,404652.937500,90051.945312,1
5879.105957,20569.554688,402905.031250,85773.437500,1
1983.012207,62699.039062,412399.250000,82106.039062,1
1683.201538,61291.062500,411549.656250,81591.562500,1
22215.138672,5003.495117,409892.281250,101832.265625,2
1956.339478,60494.687500,412157.250000,82126.679688,1
5267.951660,62863.910156,415981.281250,85723.750000,1
2204.354004,64210.453125,412118.000000,81399.117188,1
2546.101562,28029.675781,402884.625000,82372.804688,1
1649.909668,62000.683594,412009.375000,81635.062500,1
12054.561523,17202.650391,407522.156250,92514.148438,1
198473.359375,186804.000000,48583.398438,38428.085938,4
1547.893921,62772.687500,411723.000000,81173.562500,1
1764.839600,62622.726562,411473.500000,81200.015625,1
8287.085938,16278.661133,403548.312500,88143.468750,1
3713.500732,66249.601562,405807.156250,79660.031250,1
16824.814453,9500.294922,406914.718750,96085.734375,2
1607.443726,62879.273438,411797.500000,81371.171875,1
14655.555664,9788.157227,406033.500000,94460.351562,2
4706.674316,25524.123047,402842.062500,83787.914062,1
7274.317383,18295.431641,402820.843750,86559.320312,1
2549.993164,61802.367188,413114.843750,82897.187500,1
13976.263672,11666.615234,405595.218750,93642.171875,2
243015.109375,256674.125000,22208.976562,48666.308594,3
3487.858154,61103.875000,413660.687500,84032.039062,1
2667.450195,39423.996094,403999.687500,81674.476562,1
33375.539062,4283.831543,418997.687500,113437.773438,2
3549.263672,61984.324219,413933.000000,83435.382812,1
1729.052490,61363.957031,410767.343750,81032.960938,1
69873.085938,96407.703125,140240.968750,3177.513916,4
50361.039062,109970.437500,177927.921875,4608.029785,4
234096.343750,71981.781250,581221.750000,314015.843750,2
2774.490234,60535.003906,412940.343750,82952.187500,1
7110.518555,18855.560547,402271.750000,86570.515625,1
154331.109375,211091.671875,69470.046875,15014.534180,4
1419.527344,61664.117188,411684.031250,81272.148438,1
1508.225708,62576.703125,411733.125000,81317.234375,1
7347.677246,64062.902344,418150.781250,88079.554688,1
1244.306885,55849.500000,408969.406250,80496.242188,1
165700.890625,221065.609375,65819.359375,19771.232422,4
2205.141113,64348.707031,412211.718750,81496.906250,1
23214.791016,6276.848633,410680.750000,102718.335938,2
1180.803101,60732.503906,411203.906250,81047.171875,1
6529.717773,18421.162109,402664.906250,86097.273438,1
1527.552734,61753.031250,411687.562500,81129.414062,1
1737.954712,62683.421875,411517.375000,81270.742188,1
